{
    "0": [
        -1.546138944822201,
        1.7794848084340664,
        1.9948144044172187,
        1.678861508986186,
        0.006083753431713932,
        0.002651743096357906,
        -0.06684596469507428,
        0.1764094000854336,
        -0.0628823152953624,
        0.006938582049295136,
        0.009609074544725538
    ],
    "1": [
        3.226747337333557,
        -1.9319573149802913,
        -2.797808975034928,
        -3.194854516586968,
        -0.0060837534317114954,
        -0.0026517430963561434,
        0.06684596469495163,
        -0.1764094000851813,
        0.06288231529531904,
        -0.006938582049294401,
        -0.009609074544723706
    ],
    "labels": [
        0,
        1
    ]
}
