{
    "0": [
        1.4752548602607405,
        -0.23383483966195406,
        -1.4571706176792976,
        -0.5927981083332856,
        -2.170095268415155e-05,
        -0.021787889306808528,
        -0.030862037157504296,
        -0.03854616930737431,
        0.0031784765735184406,
        0.009033936554163208,
        0.002248047789140728
    ],
    "1": [
        0.18972853225100783,
        -0.1530126668846048,
        0.5760510470611973,
        -1.0950698992678527,
        2.1700952686352047e-05,
        0.021787889306810464,
        0.0308620371573963,
        0.03854616930759547,
        -0.003178476573553579,
        -0.0090339365541625,
        -0.0022480477891393263
    ],
    "labels": [
        0,
        1
    ]
}
