{
    "0": [
        3.369600869584744,
        -1.7255949818650596,
        -1.956132927973865,
        -4.180549415854966,
        -0.006062052479025296,
        0.019136146210454424,
        0.097708001852367,
        -0.13786323077760088,
        0.05970383872177104,
        -0.01597251860345693,
        -0.011857122333863102
    ],
    "1": [
        -1.657742477073059,
        1.8231224753185216,
        1.5281383573558722,
        2.633306408253869,
        0.006062052479027455,
        -0.019136146210452246,
        -0.09770800185247258,
        0.13786323077783544,
        -0.05970383872180614,
        0.01597251860345769,
        0.011857122333864753
    ],
    "labels": [
        0,
        1
    ]
}
