{
    "0": [
        2.8976098690530776,
        2.639680253026894,
        1.7771516988702665,
        -0.6202945493419563,
        -0.0014892363716497428,
        -0.01265190659382854,
        0.04277192727876161,
        0.04236656498566087,
        0.0012015733697706352,
        0.001990694425782598,
        0.006386676419741583
    ],
    "1": [
        0.40730351134384435,
        4.392272609521358,
        0.876671221397471,
        0.1107016612169005,
        0.0014892363716447728,
        0.012651906593827507,
        -0.042771927278754146,
        -0.04236656498588193,
        -0.001201573369713032,
        -0.001990694425781203,
        -0.006386676419742138
    ],
    "labels": [
        0,
        1
    ]
}
