{
    "0": [
        8.256351656645258,
        5.848008440582749,
        3.5207990629160673,
        0.8019517317629461,
        0.0008137220708153729,
        0.005590650908475339,
        0.0063153805944955455,
        -0.040745491299436665,
        0.013708211225707888,
        -0.008953296778684242,
        -0.0029101632735093474
    ],
    "1": [
        2.048561723751682,
        1.6839444219655455,
        0.8830238573516755,
        0.9384553801119919,
        -0.0008137220708209795,
        -0.005590650908476484,
        -0.006315380594485359,
        0.040745491299201776,
        -0.013708211225646735,
        0.008953296778685657,
        0.002910163273508362
    ],
    "labels": [
        0,
        1
    ]
}
