{
    "0": [
        11.455865235094976,
        6.576217031486776,
        3.5096950787490115,
        3.7991570413286855,
        0.0006755143008230456,
        0.007061255685350912,
        -0.049087307873231456,
        -0.0016210736866993092,
        -0.014909784595351333,
        0.006962602352904648,
        -0.0034765131462338728
    ],
    "1": [
        4.849048145301468,
        1.7057358310613413,
        2.3941278415185776,
        0.4412500705460376,
        -0.0006755143008290495,
        -0.007061255685352056,
        0.04908730787325008,
        0.001621073686449731,
        0.014909784595421367,
        -0.006962602352903226,
        0.0034765131462328597
    ],
    "labels": [
        0,
        1
    ]
}
