{
    "0": [
        0.07252518584671463,
        0.6913653009956455,
        0.14777663074911374,
        0.33603537512207104,
        -0.000908633116587565,
        0.0061597659771693986,
        -0.021162497427170468,
        0.12329725519891932,
        -0.040528538669240666,
        0.0033657616684352742,
        0.005257891823446437
    ],
    "1": [
        0.5336288156622901,
        0.01777155810944553,
        0.3663880906438899,
        0.1416988366358627,
        0.0009086331165859309,
        -0.006159765977168932,
        0.021162497427129612,
        -0.12329725519888704,
        0.04052853866921896,
        -0.0033657616684352482,
        -0.00525789182344856
    ],
    "labels": [
        0,
        1
    ]
}
