{
    "0": [
        0.421788375338056,
        0.22797154669338227,
        0.6765144381700221,
        1.0719956016396175,
        -0.002354155765947663,
        -0.01669107506300354,
        -0.017770938776124234,
        -0.05980622154363591,
        0.0014030421481108224,
        0.005773019465238349,
        -0.004860128955117005
    ],
    "1": [
        0.13749062617095298,
        0.5749153124117106,
        -0.16234971677702603,
        -0.5005113898816953,
        0.002354155765946303,
        0.016691075063004178,
        0.01777093877608804,
        0.05980622154365889,
        -0.0014030421481306954,
        -0.005773019465238515,
        0.004860128955115228
    ],
    "labels": [
        0,
        1
    ]
}
