{
    "0": [
        0.3429944418332469,
        0.8426868705211534,
        0.45403837386686163,
        -0.07756255324584771,
        0.003262788882532383,
        0.010531309085835328,
        0.038933436203223426,
        -0.06349103365523212,
        0.03912549652109065,
        -0.009138781133673904,
        -0.00039776286833315133
    ],
    "1": [
        0.0600345596757611,
        0.11644998858393718,
        0.24762634752614288,
        0.8677967650037646,
        -0.0032627888825337466,
        -0.010531309085834595,
        -0.03893343620325718,
        0.06349103365525938,
        -0.039125496521110414,
        0.009138781133673567,
        0.00039776286833131946
    ],
    "labels": [
        0,
        1
    ]
}
