{
    "0": [
        0.9987225053329942,
        -0.281402972711275,
        -0.8848322804302251,
        0.00020724040290388303,
        0.00267331349767215,
        -0.017558064182406186,
        -0.012210394704075478,
        -0.010279755898192022,
        0.021253897041116854,
        0.016785135528897377,
        0.002637378403177182
    ],
    "1": [
        0.22657656011936222,
        0.36834218826942,
        0.4807327025534418,
        -0.3811993980663878,
        -0.00267331349765218,
        0.017558064182412396,
        0.012210394704195632,
        0.010279755898208898,
        -0.02125389704107715,
        -0.016785135528897738,
        -0.0026373784031811787
    ],
    "labels": [
        0,
        1
    ]
}
