{
    "0": [
        0.38367452105845157,
        1.2959115300753856,
        0.6037203828724502,
        -0.0029998796624460134,
        0.0033779395698562906,
        0.007375445808831996,
        0.018158247712694753,
        -0.14483203383614524,
        0.028867593385195428,
        -0.012267341949260782,
        -0.0018521500413837266
    ],
    "1": [
        1.0447495443938903,
        -1.2714723145172089,
        -1.054694960749222,
        -0.487367278001037,
        -0.0033779395698360914,
        -0.007375445808825723,
        -0.018158247712572073,
        0.14483203383615995,
        -0.02886759338515591,
        0.012267341949260362,
        0.001852150041379716
    ],
    "labels": [
        0,
        1
    ]
}
