{
    "0": [
        1.4119511045132518,
        -0.9656301262477971,
        -0.7770872581957899,
        -1.1341916760674275,
        -0.00605125306748814,
        0.01018261837358661,
        -0.005947853008378634,
        0.15511178973437642,
        -0.05012149042623375,
        -0.004517793579637098,
        -0.0007852283618013656
    ],
    "1": [
        -0.15540203906089967,
        1.1306943418059565,
        0.35736268031899776,
        0.6750745184039293,
        0.006051253067507839,
        -0.010182618373580338,
        0.005947853008497761,
        -0.15511178973436063,
        0.05012149042627276,
        0.004517793579636626,
        0.0007852283617974798
    ],
    "labels": [
        0,
        1
    ]
}
